key,scope,likely_required,used_in_files,examples
"ADMIN_EMAIL","server","yes","_audit/env/env_required.csv;_audit/env/env_usage.tsv;_audit/env/raw_matches.txt;src/app/api/auth/magic-link/route.ts","""ADMIN_EMAIL"",""server"",""yes"",""_audit/env/env_required.csv;_audit/env/env_usage.tsv;_audit/env/raw_matches.txt;src/app/api/auth/magic-link/route.ts"",""""""ADMIN_EMAIL"""",""""server"""",""""yes"""",""""src/app/api/auth/magic-link/route.ts"""",""""      process.env.MATRIX_ADMIN_EMAIL || process.env.ADMIN_EMAIL;"""""""
"ADMIN_PASSWORD","server","yes","_audit/env/env_required.csv;_audit/env/env_usage.tsv;_audit/env/raw_matches.txt;scripts/validate-env.js","""ADMIN_PASSWORD"",""server"",""yes"",""_audit/env/env_required.csv;_audit/env/env_usage.tsv;_audit/env/raw_matches.txt;scripts/validate-env.js"",""""""ADMIN_PASSWORD"""",""""server"""",""""yes"""",""""scripts/validate-env.js"""",""""      const pass = process.env.ADMIN_PASSWORD;"""""""
"AFFILIATE_COMMISSION_RATE","server","yes","_audit/env/env_required.csv;_audit/env/env_usage.tsv;_audit/env/raw_matches.txt;src/lib/apiClients.ts","""AFFILIATE_COMMISSION_RATE"",""server"",""yes"",""_audit/env/env_required.csv;_audit/env/env_usage.tsv;_audit/env/raw_matches.txt;src/lib/apiClients.ts"",""""""AFFILIATE_COMMISSION_RATE"""",""""server"""",""""yes"""",""""src/lib/apiClients.ts"""",""""  commissionRate: parseFloat(process.env.AFFILIATE_COMMISSION_RATE || """"""""10""""""""),"""""""
"AFFILIATE_COOKIE_DURATION","server","yes","_audit/env/env_required.csv;_audit/env/env_usage.tsv;_audit/env/raw_matches.txt;src/lib/apiClients.ts","""AFFILIATE_COOKIE_DURATION"",""server"",""yes"",""_audit/env/env_required.csv;_audit/env/env_usage.tsv;_audit/env/raw_matches.txt;src/lib/apiClients.ts"",""""""AFFILIATE_COOKIE_DURATION"""",""""server"""",""""yes"""",""""src/lib/apiClients.ts"""",""""  cookieDuration: parseInt(process.env.AFFILIATE_COOKIE_DURATION || """"""""30"""""""", 10),"""""""
"AFFILIATE_SECRET","server","yes","_audit/env/env_required.csv;_audit/env/env_usage.tsv;_audit/env/raw_matches.txt;src/lib/apiClients.ts","""AFFILIATE_SECRET"",""server"",""yes"",""_audit/env/env_required.csv;_audit/env/env_usage.tsv;_audit/env/raw_matches.txt;src/lib/apiClients.ts"",""""""AFFILIATE_SECRET"""",""""server"""",""""yes"""",""""src/lib/apiClients.ts"""",""""  secret: process.env.AFFILIATE_SECRET,"""""""
"CLAUDE_API_KEY","server","yes","_audit/env/env_required.csv;_audit/env/env_usage.tsv;_audit/env/raw_matches.txt;src/app/api/status/route.ts;src/lib/apiClients.ts;src/lib/services/anthropic.ts","""CLAUDE_API_KEY"",""server"",""yes"",""_audit/env/env_required.csv;_audit/env/env_usage.tsv;_audit/env/raw_matches.txt;src/app/api/status/route.ts;src/lib/apiClients.ts;src/lib/services/anthropic.ts"",""""""CLAUDE_API_KEY"""",""""server"""",""""yes"""",""""src/app/api/status/route.ts;src/lib/apiClients.ts;src/lib/services/anthropic.ts"""",""""    hasClaude: !!process.env.CLAUDE_API_KEY,"""""""
"CRON_SECRET","server","yes","_audit/env/env_required.csv;_audit/env/env_usage.tsv;_audit/env/raw_matches.txt;src/app/api/cron/content/route.ts;src/app/api/cron/reports/route.ts;src/app/api/cron/sitemap/route.ts;src/app/api/cron/store/route.ts;src/app/api/generate-content/route.ts","""CRON_SECRET"",""server"",""yes"",""_audit/env/env_required.csv;_audit/env/env_usage.tsv;_audit/env/raw_matches.txt;src/app/api/cron/content/route.ts;src/app/api/cron/reports/route.ts;src/app/api/cron/sitemap/route.ts;src/app/api/cron/store/route.ts;src/app/api/generate-content/route.ts"",""""""CRON_SECRET"""",""""server"""",""""yes"""",""""src/app/api/cron/content/route.ts;src/app/api/cron/reports/route.ts;src/app/api/cron/sitemap/route.ts;src/app/api/cron/store/route.ts;src/app/api/generate-content/route.ts"""",""""    if (secret !== process.env.CRON_SECRET) {"""""""
"CSRF_SECRET","server","yes","_audit/env/env_required.csv;_audit/env/env_usage.tsv;_audit/env/raw_matches.txt;src/lib/security.ts","""CSRF_SECRET"",""server"",""yes"",""_audit/env/env_required.csv;_audit/env/env_usage.tsv;_audit/env/raw_matches.txt;src/lib/security.ts"",""""""CSRF_SECRET"""",""""server"""",""""yes"""",""""src/lib/security.ts"""",""""const CSRF_SECRET = process.env.CSRF_SECRET || """"""""change-me-in-production"""""""";"""""""
"DATABASE_URL","server","yes","_audit/env/env_required.csv;_audit/env/env_usage.tsv;_audit/env/raw_matches.txt;package.json;prisma.config.ts;prisma/schema.postgres.prisma;prisma/schema.prisma","""DATABASE_URL"",""server"",""yes"",""_audit/env/env_required.csv;_audit/env/env_usage.tsv;_audit/env/raw_matches.txt;package.json;prisma.config.ts;prisma/schema.postgres.prisma;prisma/schema.prisma"",""""""DATABASE_URL"""",""""server"""",""""yes"""",""""package.json;prisma.config.ts;prisma/schema.postgres.prisma;prisma/schema.prisma"""",""""    """"""""postinstall"""""""": """"""""node -e \""""""""const { execSync } = require('child_process'); const url = process.env.DATABASE_URL || 'postgresql://postgres:postgres@localhost:5432/postgres'; execSync('npx prisma generate', { stdio: 'inherit', env: { ...process.env, DATABASE_URL: url } });\"""""""""""""""""""""""
"EMAIL_FROM","server","no","_audit/env/env_required.csv;_audit/env/env_usage.tsv;_audit/env/raw_matches.txt;src/auth.ts","""EMAIL_FROM"",""server"",""no"",""_audit/env/env_required.csv;_audit/env/env_usage.tsv;_audit/env/raw_matches.txt;src/auth.ts"",""""""EMAIL_FROM"""",""""server"""",""""no"""",""""src/auth.ts"""",""""            from: process.env.EMAIL_FROM || """"""""admin@3000studios.com"""""""","""""""
"EMAIL_SERVER_HOST","server","no","_audit/env/env_required.csv;_audit/env/env_usage.tsv;_audit/env/raw_matches.txt;src/auth.ts","""EMAIL_SERVER_HOST"",""server"",""no"",""_audit/env/env_required.csv;_audit/env/env_usage.tsv;_audit/env/raw_matches.txt;src/auth.ts"",""""""EMAIL_SERVER_HOST"""",""""server"""",""""no"""",""""src/auth.ts"""",""""    ...(process.env.EMAIL_SERVER_HOST"""""""
"EMAIL_SERVER_PASSWORD","server","no","_audit/env/env_required.csv;_audit/env/env_usage.tsv;_audit/env/raw_matches.txt;src/auth.ts","""EMAIL_SERVER_PASSWORD"",""server"",""no"",""_audit/env/env_required.csv;_audit/env/env_usage.tsv;_audit/env/raw_matches.txt;src/auth.ts"",""""""EMAIL_SERVER_PASSWORD"""",""""server"""",""""no"""",""""src/auth.ts"""",""""                pass: process.env.EMAIL_SERVER_PASSWORD,"""""""
"EMAIL_SERVER_PORT","server","no","_audit/env/env_required.csv;_audit/env/env_usage.tsv;_audit/env/raw_matches.txt;src/auth.ts","""EMAIL_SERVER_PORT"",""server"",""no"",""_audit/env/env_required.csv;_audit/env/env_usage.tsv;_audit/env/raw_matches.txt;src/auth.ts"",""""""EMAIL_SERVER_PORT"""",""""server"""",""""no"""",""""src/auth.ts"""",""""              port: Number(process.env.EMAIL_SERVER_PORT || 0),"""""""
"EMAIL_SERVER_USER","server","no","_audit/env/env_required.csv;_audit/env/env_usage.tsv;_audit/env/raw_matches.txt;src/auth.ts","""EMAIL_SERVER_USER"",""server"",""no"",""_audit/env/env_required.csv;_audit/env/env_usage.tsv;_audit/env/raw_matches.txt;src/auth.ts"",""""""EMAIL_SERVER_USER"""",""""server"""",""""no"""",""""src/auth.ts"""",""""                user: process.env.EMAIL_SERVER_USER,"""""""
"FULFILLMENT_SIGNING_SECRET","server","yes","_audit/env/env_required.csv;_audit/env/env_usage.tsv;_audit/env/raw_matches.txt;src/app/api/fulfillment/webhook/route.ts","""FULFILLMENT_SIGNING_SECRET"",""server"",""yes"",""_audit/env/env_required.csv;_audit/env/env_usage.tsv;_audit/env/raw_matches.txt;src/app/api/fulfillment/webhook/route.ts"",""""""FULFILLMENT_SIGNING_SECRET"""",""""server"""",""""yes"""",""""src/app/api/fulfillment/webhook/route.ts"""",""""  const secret = process.env.FULFILLMENT_SIGNING_SECRET;"""""""
"GEMINI_API_KEY","server","yes","_audit/env/env_required.csv;_audit/env/env_usage.tsv;_audit/env/raw_matches.txt;scripts/generate-content.ts;src/app/api/status/route.ts;src/lib/apiClients.ts;src/lib/services/gemini.ts","""GEMINI_API_KEY"",""server"",""yes"",""_audit/env/env_required.csv;_audit/env/env_usage.tsv;_audit/env/raw_matches.txt;scripts/generate-content.ts;src/app/api/status/route.ts;src/lib/apiClients.ts;src/lib/services/gemini.ts"",""""""GEMINI_API_KEY"""",""""server"""",""""yes"""",""""scripts/generate-content.ts;src/app/api/status/route.ts;src/lib/apiClients.ts;src/lib/services/gemini.ts"""",""""const API_KEY = process.env.GOOGLE_API_KEY || process.env.GEMINI_API_KEY;"""""""
"GITHUB_PAT","server","yes","_audit/env/env_required.csv;_audit/env/env_usage.tsv;_audit/env/raw_matches.txt;src/lib/apiClients.ts;src/lib/services/github.ts","""GITHUB_PAT"",""server"",""yes"",""_audit/env/env_required.csv;_audit/env/env_usage.tsv;_audit/env/raw_matches.txt;src/lib/apiClients.ts;src/lib/services/github.ts"",""""""GITHUB_PAT"""",""""server"""",""""yes"""",""""src/lib/apiClients.ts;src/lib/services/github.ts"""",""""  pat: process.env.GITHUB_PAT,"""""""
"GITHUB_TOKEN","server","yes","_audit/env/env_required.csv;_audit/env/env_usage.tsv;_audit/env/raw_matches.txt;scripts/configure-branch-protection.mjs;scripts/verify-branch-protection.mjs","""GITHUB_TOKEN"",""server"",""yes"",""_audit/env/env_required.csv;_audit/env/env_usage.tsv;_audit/env/raw_matches.txt;scripts/configure-branch-protection.mjs;scripts/verify-branch-protection.mjs"",""""""GITHUB_TOKEN"""",""""server"""",""""yes"""",""""scripts/configure-branch-protection.mjs;scripts/verify-branch-protection.mjs"""",""""  const token = process.env.GITHUB_TOKEN;"""""""
"GOOGLE_MAPS_API_KEY","server","yes","_audit/env/env_required.csv;_audit/env/env_usage.tsv;_audit/env/raw_matches.txt;src/app/api/status/route.ts","""GOOGLE_MAPS_API_KEY"",""server"",""yes"",""_audit/env/env_required.csv;_audit/env/env_usage.tsv;_audit/env/raw_matches.txt;src/app/api/status/route.ts"",""""""GOOGLE_MAPS_API_KEY"""",""""server"""",""""yes"""",""""src/app/api/status/route.ts"""",""""    hasGoogleMaps: !!process.env.GOOGLE_MAPS_API_KEY,"""""""
"JWT_SECRET","server","yes","_audit/env/env_required.csv;_audit/env/env_usage.tsv;_audit/env/raw_matches.txt;scripts/validate-env.js","""JWT_SECRET"",""server"",""yes"",""_audit/env/env_required.csv;_audit/env/env_usage.tsv;_audit/env/raw_matches.txt;scripts/validate-env.js"",""""""JWT_SECRET"""",""""server"""",""""yes"""",""""scripts/validate-env.js"""",""""      const secret = process.env.JWT_SECRET;"""""""
"KEY_NAME","server","no","_audit/env/env_required.csv;_audit/env/env_usage.tsv;_audit/env/raw_matches.txt;docs/archive/SHADOW_COMPLETE_SETUP.md","""KEY_NAME"",""server"",""no"",""_audit/env/env_required.csv;_audit/env/env_usage.tsv;_audit/env/raw_matches.txt;docs/archive/SHADOW_COMPLETE_SETUP.md"",""""""KEY_NAME"""",""""server"""",""""no"""",""""docs/archive/SHADOW_COMPLETE_SETUP.md"""",""""3. Check code uses `process.env.KEY_NAME`"""""""
"LIVE_PASSWORD","server","no","_audit/env/env_usage.tsv;_audit/env/raw_matches.txt;docs/architecture/3000structure.txt;docs/architecture/website_Structure;docs/archive/3000structure.txt;docs/archive/website_Structure;src/middleware.ts","LIVE_PASSWORD"
"MATRIX_ADMIN_EMAIL","server","yes","_audit/env/env_required.csv;_audit/env/env_usage.tsv;_audit/env/raw_matches.txt;src/lib/auth.ts","""MATRIX_ADMIN_EMAIL"",""server"",""yes"",""_audit/env/env_required.csv;_audit/env/env_usage.tsv;_audit/env/raw_matches.txt;src/lib/auth.ts"",""""""MATRIX_ADMIN_EMAIL"""",""""server"""",""""yes"""",""""src/lib/auth.ts"""",""""  email: process.env.MATRIX_ADMIN_EMAIL || """"""""mr.jwswain@gmail.com"""""""","""""""
"MATRIX_ADMIN_PASSWORD","server","yes","_audit/env/env_required.csv;_audit/env/env_usage.tsv;_audit/env/raw_matches.txt;src/lib/auth.ts","""MATRIX_ADMIN_PASSWORD"",""server"",""yes"",""_audit/env/env_required.csv;_audit/env/env_usage.tsv;_audit/env/raw_matches.txt;src/lib/auth.ts"",""""""MATRIX_ADMIN_PASSWORD"""",""""server"""",""""yes"""",""""src/lib/auth.ts"""",""""  password: process.env.MATRIX_ADMIN_PASSWORD || """"""""Bossman3000!!!"""""""","""""""
"MONGODB_DB_NAME","server","yes","_audit/env/env_required.csv;_audit/env/env_usage.tsv;_audit/env/raw_matches.txt;src/lib/apiClients.ts","""MONGODB_DB_NAME"",""server"",""yes"",""_audit/env/env_required.csv;_audit/env/env_usage.tsv;_audit/env/raw_matches.txt;src/lib/apiClients.ts"",""""""MONGODB_DB_NAME"""",""""server"""",""""yes"""",""""src/lib/apiClients.ts"""",""""  const dbName = process.env.MONGODB_DB_NAME || """"""""3000studios"""""""";"""""""
"MONGODB_URI","server","yes","_audit/env/env_required.csv;_audit/env/env_usage.tsv;_audit/env/raw_matches.txt;src/lib/apiClients.ts;src/lib/services/mongodb.ts","""MONGODB_URI"",""server"",""yes"",""_audit/env/env_required.csv;_audit/env/env_usage.tsv;_audit/env/raw_matches.txt;src/lib/apiClients.ts;src/lib/services/mongodb.ts"",""""""MONGODB_URI"""",""""server"""",""""yes"""",""""src/lib/apiClients.ts;src/lib/services/mongodb.ts"""",""""  const uri = process.env.MONGODB_URI;"""""""
"MUX_TOKEN_ID","server","yes","_audit/env/env_required.csv;_audit/env/env_usage.tsv;_audit/env/raw_matches.txt;src/app/api/streaming/route.ts","""MUX_TOKEN_ID"",""server"",""yes"",""_audit/env/env_required.csv;_audit/env/env_usage.tsv;_audit/env/raw_matches.txt;src/app/api/streaming/route.ts"",""""""MUX_TOKEN_ID"""",""""server"""",""""yes"""",""""src/app/api/streaming/route.ts"""",""""  tokenId: process.env.MUX_TOKEN_ID,"""""""
"MUX_TOKEN_SECRET","server","yes","_audit/env/env_required.csv;_audit/env/env_usage.tsv;_audit/env/raw_matches.txt;src/app/api/streaming/route.ts","""MUX_TOKEN_SECRET"",""server"",""yes"",""_audit/env/env_required.csv;_audit/env/env_usage.tsv;_audit/env/raw_matches.txt;src/app/api/streaming/route.ts"",""""""MUX_TOKEN_SECRET"""",""""server"""",""""yes"""",""""src/app/api/streaming/route.ts"""",""""  tokenSecret: process.env.MUX_TOKEN_SECRET,"""""""
"NEXT_PUBLIC_ADSENSE_PUBLISHER_ID","client","yes","_audit/env/env_keys.txt;_audit/env/env_local_keys.txt;_audit/env/env_required.csv;_audit/env/env_usage.tsv;_audit/env/raw_matches.txt;docs/MISSING_SECRETS.md;.env.example;scripts/validate-revenue-paths.js;src/app/layout.tsx;src/app/page.tsx;src/components/AdSense.tsx","NEXT_PUBLIC_ADSENSE_PUBLISHER_ID=ca-pub-5800977493749262"
"NEXT_PUBLIC_BASE_URL","client","yes","_audit/env/env_keys.txt;_audit/env/env_required.csv;_audit/env/env_usage.tsv;_audit/env/missing_in_env_local.csv;_audit/env/raw_matches.txt;docs/archive/DEPLOYMENT.md;.env.example;scripts/validate-env.js;src/app/api/auth/magic-link/route.ts;src/app/layout.tsx;src/app/robots.ts;src/lib/services/paypal.ts;src/lib/services/stripe.ts","NEXT_PUBLIC_BASE_URL=https://your-domain.com"
"NEXT_PUBLIC_CLOUDINARY_CLOUD_NAME","client","yes","_audit/env/env_keys.txt;_audit/env/env_local_keys.txt;_audit/env/env_required.csv;_audit/env/env_usage.tsv;_audit/env/raw_matches.txt;src/lib/cloudinary.ts","NEXT_PUBLIC_CLOUDINARY_CLOUD_NAME"
"NEXT_PUBLIC_DESCOPE_BASE_URL","client","no","_audit/env/env_keys.txt;_audit/env/env_local_keys.txt;_audit/env/env_required.csv;_audit/env/env_usage.tsv;_audit/env/raw_matches.txt","NEXT_PUBLIC_DESCOPE_BASE_URL"
"NEXT_PUBLIC_DESCOPE_PROJECT_ID","client","no","_audit/env/env_keys.txt;_audit/env/env_local_keys.txt;_audit/env/env_required.csv;_audit/env/env_usage.tsv;_audit/env/raw_matches.txt","NEXT_PUBLIC_DESCOPE_PROJECT_ID"
"NEXT_PUBLIC_GA_MEASUREMENT_ID","client","yes","_audit/env/env_keys.txt;_audit/env/env_required.csv;_audit/env/env_usage.tsv;_audit/env/missing_in_env_local.csv;_audit/env/raw_matches.txt;scripts/validate-env.js;src/lib/apiClients.ts","NEXT_PUBLIC_GA_MEASUREMENT_ID"
"NEXT_PUBLIC_MAPS_API","client","no","_audit/env/env_keys.txt;_audit/env/env_required.csv;_audit/env/env_usage.tsv;_audit/env/missing_in_env_local.csv;_audit/env/raw_matches.txt;docs/archive/DEPLOYMENT.md;docs/archive/FINAL_SETUP_SUMMARY.md;docs/archive/SECURE_WORKFLOW.md;docs/QUICK_START.md;src/app/components/GoogleMap.tsx;src/app/contact/page.tsx","NEXT_PUBLIC_MAPS_API"
"NEXT_PUBLIC_PAYPAL_CLIENT_ID","client","no","_audit/env/env_keys.txt;_audit/env/env_required.csv;_audit/env/env_usage.tsv;_audit/env/missing_in_env_local.csv;_audit/env/raw_matches.txt;docs/architecture/website_Structure;docs/archive/website_Structure;src/components/PayPalButton.tsx","NEXT_PUBLIC_PAYPAL_CLIENT_ID"
"NEXT_PUBLIC_SHADOW_USER","client","no","app/shadow-login/page.tsx;_audit/env/env_keys.txt;_audit/env/env_required.csv;_audit/env/env_usage.tsv;_audit/env/missing_in_env_local.csv;_audit/env/raw_matches.txt;docs/architecture/website_Structure;docs/archive/website_Structure","NEXT_PUBLIC_SHADOW_USER"
"NEXT_PUBLIC_SIGNAL_SERVER","client","yes","_audit/env/env_keys.txt;_audit/env/env_required.csv;_audit/env/env_usage.tsv;_audit/env/missing_in_env_local.csv;_audit/env/raw_matches.txt;docs/archive/DEPLOYMENT.md;.env.example;scripts/validate-env.js;src/app/api/streaming/start/route.ts;src/lib/apiClients.ts","NEXT_PUBLIC_SIGNAL_SERVER=wss://signal.your-domain.com"
"NEXT_PUBLIC_SITE_URL","client","yes","_audit/env/env_keys.txt;_audit/env/env_local_keys.txt;_audit/env/env_required.csv;_audit/env/env_usage.tsv;_audit/env/raw_matches.txt;docs/architecture/website_Structure;docs/archive/DEPLOYMENT.md;docs/archive/website_Structure;docs/vercel_env.txt;.env.example;.env.schema;scripts/fix-vercel-env.ps1;scripts/fix-vercel-env.sh;scripts/sync-secrets-to-vercel.ps1;scripts/vercel-reset-and-deploy.ps1;src/app/api/env-check/route.ts;src/app/api/paypal/checkout/route.ts;src/app/api/stripe/checkout/route.ts;src/app/store/checkout/page.tsx;src/lib/env.ts;src/lib/security.ts","NEXT_PUBLIC_SITE_URL=https://3000studios.com"
"NEXT_PUBLIC_STRIPE_PUBLISHABLE_KEY","client","yes","_audit/env/env_keys.txt;_audit/env/env_required.csv;_audit/env/env_usage.tsv;_audit/env/missing_in_env_local.csv;_audit/env/raw_matches.txt;docs/archive/DEPLOYMENT.md;scripts/validate-env.js","NEXT_PUBLIC_STRIPE_PUBLISHABLE_KEY"
"NEXT_PUBLIC_VERCEL_ANALYTICS_ID","client","yes","_audit/env/env_keys.txt;_audit/env/env_required.csv;_audit/env/env_usage.tsv;_audit/env/missing_in_env_local.csv;_audit/env/raw_matches.txt;src/lib/apiClients.ts","NEXT_PUBLIC_VERCEL_ANALYTICS_ID"
"NEXT_PUBLIC_VERCEL_ENV","client","no","_audit/env/env_keys.txt;_audit/env/env_required.csv;_audit/env/env_usage.tsv;_audit/env/missing_in_env_local.csv;_audit/env/raw_matches.txt;docs/architecture/website_Structure;docs/archive/website_Structure","NEXT_PUBLIC_VERCEL_ENV"
"NODE_ENV","server","yes","app/api/analytics/system/route.ts;_audit/env/env_required.csv;_audit/env/env_usage.tsv;_audit/env/raw_matches.txt;components/os/EventBus.tsx;_disabled/api/matrix/auth/login/route.ts;_disabled/api/shadow/auth/login/route.ts;_disabled/api/shadow/auth/logout/route.ts;lib/matrix/analytics.ts;src/app/api/affiliate/route.ts;src/app/api/auth/magic-link/route.ts;src/app/api/env-check/route.ts;src/app/api/paypal/checkout/route.ts;src/app/api/status/route.ts;src/app/components/ErrorBoundary.tsx;src/app/error.tsx;src/lib/analytics.ts;src/lib/auditLog.ts;src/lib/prisma.ts;src/lib/security.ts;src/lib/services/paypal.ts","""NODE_ENV"",""server"",""yes"",""app/api/analytics/system/route.ts;_audit/env/env_required.csv;_audit/env/env_usage.tsv;_audit/env/raw_matches.txt;components/os/EventBus.tsx;_disabled/api/matrix/auth/login/route.ts;_disabled/api/shadow/auth/login/route.ts;_disabled/api/shadow/auth/logout/route.ts;lib/matrix/analytics.ts;src/app/api/affiliate/route.ts;src/app/api/auth/magic-link/route.ts;src/app/api/env-check/route.ts;src/app/api/paypal/checkout/route.ts;src/app/api/status/route.ts;src/app/components/ErrorBoundary.tsx;src/app/error.tsx;src/lib/analytics.ts;src/lib/auditLog.ts;src/lib/prisma.ts;src/lib/security.ts;src/lib/services/paypal.ts"",""""""NODE_ENV"""",""""server"""",""""yes"""",""""app/api/analytics/system/route.ts;components/os/EventBus.tsx;_disabled/api/matrix/auth/login/route.ts;_disabled/api/shadow/auth/login/route.ts;_disabled/api/shadow/auth/logout/route.ts;lib/matrix/analytics.ts;src/app/api/affiliate/route.ts;src/app/api/auth/magic-link/route.ts;src/app/api/env-check/route.ts;src/app/api/paypal/checkout/route.ts;src/app/api/status/route.ts;src/app/components/ErrorBoundary.tsx;src/app/error.tsx;src/lib/analytics.ts;src/lib/auditLog.ts;src/lib/prisma.ts;src/lib/security.ts;src/lib/services/paypal.ts"""",""""      secure: process.env.NODE_ENV === """"""""production"""""""","""""""
"OPENAI_API","server","no","_audit/env/env_required.csv;_audit/env/env_usage.tsv;_audit/env/raw_matches.txt;docs/archive/SHADOW_COMPLETE_SETUP.md","""OPENAI_API"",""server"",""no"",""_audit/env/env_required.csv;_audit/env/env_usage.tsv;_audit/env/raw_matches.txt;docs/archive/SHADOW_COMPLETE_SETUP.md"",""""""OPENAI_API"""",""""server"""",""""no"""",""""docs/archive/SHADOW_COMPLETE_SETUP.md"""",""""│ ├─ const key = process.env.OPENAI_API.. │"""""""
"OPENAI_API_KEY","server","yes","_audit/env/env_required.csv;_audit/env/env_usage.tsv;_audit/env/raw_matches.txt;_disabled/api/matrix/health/route.ts;_disabled/api/shadow/exec/route.ts;_disabled/api/shadow/llm/route.ts;_disabled/api/shadow/stt/route.ts;_disabled/api/shadow/voice/route.ts;docs/archive/SHADOW_SECURE_DEV.md;lib/aiCommandInterpreter.ts;lib/shadow/personality.ts;shadow/core/avatar.js;shadow-engine/helpers/llm.ts;src/app/api/status/route.ts;src/app/api/voice-to-code/route.ts;src/lib/apiClients.ts;src/lib/openai.ts;src/lib/services/openai.ts","""OPENAI_API_KEY"",""server"",""yes"",""_audit/env/env_required.csv;_audit/env/env_usage.tsv;_audit/env/raw_matches.txt;_disabled/api/matrix/health/route.ts;_disabled/api/shadow/exec/route.ts;_disabled/api/shadow/llm/route.ts;_disabled/api/shadow/stt/route.ts;_disabled/api/shadow/voice/route.ts;docs/archive/SHADOW_SECURE_DEV.md;lib/aiCommandInterpreter.ts;lib/shadow/personality.ts;shadow/core/avatar.js;shadow-engine/helpers/llm.ts;src/app/api/status/route.ts;src/app/api/voice-to-code/route.ts;src/lib/apiClients.ts;src/lib/openai.ts;src/lib/services/openai.ts"",""""""OPENAI_API_KEY"""",""""server"""",""""yes"""",""""_disabled/api/matrix/health/route.ts;_disabled/api/shadow/exec/route.ts;_disabled/api/shadow/llm/route.ts;_disabled/api/shadow/stt/route.ts;_disabled/api/shadow/voice/route.ts;docs/archive/SHADOW_SECURE_DEV.md;lib/aiCommandInterpreter.ts;lib/shadow/personality.ts;shadow/core/avatar.js;shadow-engine/helpers/llm.ts;src/app/api/status/route.ts;src/app/api/voice-to-code/route.ts;src/lib/apiClients.ts;src/lib/openai.ts;src/lib/services/openai.ts"""",""""    health.ai_core = process.env.OPENAI_API_KEY ? """"""""ok"""""""" : """"""""missing"""""""";"""""""
"OPENAI_KEY","server","no","_audit/env/env_required.csv;_audit/env/env_usage.tsv;_audit/env/raw_matches.txt;_disabled/api/shadow/dialogue/route.ts;docs/architecture/3000structure.txt;docs/architecture/website_Structure;docs/archive/3000structure.txt;docs/archive/website_Structure","""OPENAI_KEY"",""server"",""no"",""_audit/env/env_required.csv;_audit/env/env_usage.tsv;_audit/env/raw_matches.txt;_disabled/api/shadow/dialogue/route.ts;docs/architecture/3000structure.txt;docs/architecture/website_Structure;docs/archive/3000structure.txt;docs/archive/website_Structure"",""""""OPENAI_KEY"""",""""server"""",""""no"""",""""_disabled/api/shadow/dialogue/route.ts;docs/architecture/3000structure.txt;docs/architecture/website_Structure;docs/archive/3000structure.txt;docs/archive/website_Structure"""",""""      Authorization: `Bearer ${process.env.OPENAI_KEY}`,"""""""
"OPENAI_ORG_ID","server","yes","_audit/env/env_required.csv;_audit/env/env_usage.tsv;_audit/env/raw_matches.txt;src/lib/apiClients.ts","""OPENAI_ORG_ID"",""server"",""yes"",""_audit/env/env_required.csv;_audit/env/env_usage.tsv;_audit/env/raw_matches.txt;src/lib/apiClients.ts"",""""""OPENAI_ORG_ID"""",""""server"""",""""yes"""",""""src/lib/apiClients.ts"""",""""      organization: process.env.OPENAI_ORG_ID,"""""""
"PAYPAL_CLIENT_ID","server","yes","_audit/env/env_required.csv;_audit/env/env_usage.tsv;_audit/env/raw_matches.txt;lib/paypal-config.ts;src/app/api/paypal/checkout/route.ts;src/app/api/status/route.ts;src/lib/apiClients.ts;src/lib/paypal-config.ts;src/lib/services/paypal.ts","""PAYPAL_CLIENT_ID"",""server"",""yes"",""_audit/env/env_required.csv;_audit/env/env_usage.tsv;_audit/env/raw_matches.txt;lib/paypal-config.ts;src/app/api/paypal/checkout/route.ts;src/app/api/status/route.ts;src/lib/apiClients.ts;src/lib/paypal-config.ts;src/lib/services/paypal.ts"",""""""PAYPAL_CLIENT_ID"""",""""server"""",""""yes"""",""""lib/paypal-config.ts;src/app/api/paypal/checkout/route.ts;src/app/api/status/route.ts;src/lib/apiClients.ts;src/lib/paypal-config.ts;src/lib/services/paypal.ts"""",""""    : process.env.PAYPAL_CLIENT_ID,"""""""
"PAYPAL_CLIENT_ID_PROD","server","yes","_audit/env/env_required.csv;_audit/env/env_usage.tsv;_audit/env/raw_matches.txt;lib/paypal-config.ts","""PAYPAL_CLIENT_ID_PROD"",""server"",""yes"",""_audit/env/env_required.csv;_audit/env/env_usage.tsv;_audit/env/raw_matches.txt;lib/paypal-config.ts"",""""""PAYPAL_CLIENT_ID_PROD"""",""""server"""",""""yes"""",""""lib/paypal-config.ts"""",""""    ? process.env.PAYPAL_CLIENT_ID_PROD"""""""
"PAYPAL_CLIENT_SECRET","server","yes","_audit/env/env_required.csv;_audit/env/env_usage.tsv;_audit/env/raw_matches.txt;lib/paypal-config.ts;src/app/api/paypal/checkout/route.ts;src/lib/paypal-config.ts;src/lib/services/paypal.ts","""PAYPAL_CLIENT_SECRET"",""server"",""yes"",""_audit/env/env_required.csv;_audit/env/env_usage.tsv;_audit/env/raw_matches.txt;lib/paypal-config.ts;src/app/api/paypal/checkout/route.ts;src/lib/paypal-config.ts;src/lib/services/paypal.ts"",""""""PAYPAL_CLIENT_SECRET"""",""""server"""",""""yes"""",""""lib/paypal-config.ts;src/app/api/paypal/checkout/route.ts;src/lib/paypal-config.ts;src/lib/services/paypal.ts"""",""""    : process.env.PAYPAL_CLIENT_SECRET,"""""""
"PAYPAL_CLIENT_SECRET_PROD","server","yes","_audit/env/env_required.csv;_audit/env/env_usage.tsv;_audit/env/raw_matches.txt;lib/paypal-config.ts;src/lib/env.ts","""PAYPAL_CLIENT_SECRET_PROD"",""server"",""yes"",""_audit/env/env_required.csv;_audit/env/env_usage.tsv;_audit/env/raw_matches.txt;lib/paypal-config.ts;src/lib/env.ts"",""""""PAYPAL_CLIENT_SECRET_PROD"""",""""server"""",""""yes"""",""""lib/paypal-config.ts;src/lib/env.ts"""",""""    ? process.env.PAYPAL_CLIENT_SECRET_PROD"""""""
"PAYPAL_ENV","server","yes","_audit/env/env_required.csv;_audit/env/env_usage.tsv;_audit/env/raw_matches.txt;lib/paypal-config.ts;src/lib/paypal-config.ts;src/lib/paypal.ts","""PAYPAL_ENV"",""server"",""yes"",""_audit/env/env_required.csv;_audit/env/env_usage.tsv;_audit/env/raw_matches.txt;lib/paypal-config.ts;src/lib/paypal-config.ts;src/lib/paypal.ts"",""""""PAYPAL_ENV"""",""""server"""",""""yes"""",""""lib/paypal-config.ts;src/lib/paypal-config.ts;src/lib/paypal.ts"""",""""export const isProd = process.env.PAYPAL_ENV === """"""""production"""""""";"""""""
"PAYPAL_MODE","server","yes","_audit/env/env_required.csv;_audit/env/env_usage.tsv;_audit/env/raw_matches.txt;src/lib/apiClients.ts","""PAYPAL_MODE"",""server"",""yes"",""_audit/env/env_required.csv;_audit/env/env_usage.tsv;_audit/env/raw_matches.txt;src/lib/apiClients.ts"",""""""PAYPAL_MODE"""",""""server"""",""""yes"""",""""src/lib/apiClients.ts"""",""""  const mode = process.env.PAYPAL_MODE || """"""""sandbox"""""""";"""""""
"PAYPAL_SECRET","server","yes","_audit/env/env_required.csv;_audit/env/env_usage.tsv;_audit/env/raw_matches.txt;src/lib/apiClients.ts","""PAYPAL_SECRET"",""server"",""yes"",""_audit/env/env_required.csv;_audit/env/env_usage.tsv;_audit/env/raw_matches.txt;src/lib/apiClients.ts"",""""""PAYPAL_SECRET"""",""""server"""",""""yes"""",""""src/lib/apiClients.ts"""",""""  const secret = process.env.PAYPAL_SECRET;"""""""
"SENDGRID_API_KEY","server","yes","_audit/env/env_required.csv;_audit/env/env_usage.tsv;_audit/env/raw_matches.txt;src/app/api/auth/magic-link/route.ts","""SENDGRID_API_KEY"",""server"",""yes"",""_audit/env/env_required.csv;_audit/env/env_usage.tsv;_audit/env/raw_matches.txt;src/app/api/auth/magic-link/route.ts"",""""""SENDGRID_API_KEY"""",""""server"""",""""yes"""",""""src/app/api/auth/magic-link/route.ts"""",""""    //     'Authorization': `Bearer ${process.env.SENDGRID_API_KEY}`,"""""""
"SESSION_DURATION_HOURS","server","yes","_audit/env/env_required.csv;_audit/env/env_usage.tsv;_audit/env/raw_matches.txt;src/app/api/auth/verify-magic/route.ts;src/lib/auth.ts","""SESSION_DURATION_HOURS"",""server"",""yes"",""_audit/env/env_required.csv;_audit/env/env_usage.tsv;_audit/env/raw_matches.txt;src/app/api/auth/verify-magic/route.ts;src/lib/auth.ts"",""""""SESSION_DURATION_HOURS"""",""""server"""",""""yes"""",""""src/app/api/auth/verify-magic/route.ts;src/lib/auth.ts"""",""""  parseInt(process.env.SESSION_DURATION_HOURS || """"""""24"""""""", 10) * 3600;"""""""
"SESSION_SECRET","server","yes","_audit/env/env_required.csv;_audit/env/env_usage.tsv;_audit/env/raw_matches.txt;src/lib/auth.ts","""SESSION_SECRET"",""server"",""yes"",""_audit/env/env_required.csv;_audit/env/env_usage.tsv;_audit/env/raw_matches.txt;src/lib/auth.ts"",""""""SESSION_SECRET"""",""""server"""",""""yes"""",""""src/lib/auth.ts"""",""""  const secret = process.env.SESSION_SECRET || """"""""dev-secret-key"""""""";"""""""
"SHADOW_ADMIN_EMAIL","server","yes","_audit/env/env_required.csv;_audit/env/env_usage.tsv;_audit/env/raw_matches.txt;lib/shadow/auth.ts","""SHADOW_ADMIN_EMAIL"",""server"",""yes"",""_audit/env/env_required.csv;_audit/env/env_usage.tsv;_audit/env/raw_matches.txt;lib/shadow/auth.ts"",""""""SHADOW_ADMIN_EMAIL"""",""""server"""",""""yes"""",""""lib/shadow/auth.ts"""",""""const SHADOW_EMAIL = process.env.SHADOW_ADMIN_EMAIL || """"""""admin@3000studios.com"""""""";"""""""
"SHADOW_ADMIN_PASSWORD","server","yes","_audit/env/env_required.csv;_audit/env/env_usage.tsv;_audit/env/raw_matches.txt;lib/shadow/auth.ts","""SHADOW_ADMIN_PASSWORD"",""server"",""yes"",""_audit/env/env_required.csv;_audit/env/env_usage.tsv;_audit/env/raw_matches.txt;lib/shadow/auth.ts"",""""""SHADOW_ADMIN_PASSWORD"""",""""server"""",""""yes"""",""""lib/shadow/auth.ts"""",""""const SHADOW_PASSWORD = process.env.SHADOW_ADMIN_PASSWORD || """"""""ShadowPrime2025!"""""""";"""""""
"SHADOW_PASSWORD","server","no","app/shadow-login/page.tsx;_audit/env/env_required.csv;_audit/env/env_usage.tsv;_audit/env/raw_matches.txt","""SHADOW_PASSWORD"",""server"",""no"",""app/shadow-login/page.tsx;_audit/env/env_required.csv;_audit/env/env_usage.tsv;_audit/env/raw_matches.txt"",""""""SHADOW_PASSWORD"""",""""server"""",""""no"""",""""app/shadow-login/page.tsx"""",""""      pass === process.env.SHADOW_PASSWORD"""""""
"STRIPE_3000_SECRET","server","yes","_audit/env/env_required.csv;_audit/env/env_usage.tsv;_audit/env/raw_matches.txt;src/app/api/stripe/checkout/route.ts","""STRIPE_3000_SECRET"",""server"",""yes"",""_audit/env/env_required.csv;_audit/env/env_usage.tsv;_audit/env/raw_matches.txt;src/app/api/stripe/checkout/route.ts"",""""""STRIPE_3000_SECRET"""",""""server"""",""""yes"""",""""src/app/api/stripe/checkout/route.ts"""",""""  const key = process.env.STRIPE_SECRET_KEY || process.env.STRIPE_SECRET || process.env.STRIPE_3000_SECRET;"""""""
"STRIPE_BUSINESS_PRICE_ID","server","yes","_audit/env/env_required.csv;_audit/env/env_usage.tsv;_audit/env/raw_matches.txt;src/lib/subscription-tiers.ts","""STRIPE_BUSINESS_PRICE_ID"",""server"",""yes"",""_audit/env/env_required.csv;_audit/env/env_usage.tsv;_audit/env/raw_matches.txt;src/lib/subscription-tiers.ts"",""""""STRIPE_BUSINESS_PRICE_ID"""",""""server"""",""""yes"""",""""src/lib/subscription-tiers.ts"""",""""    stripe_price_id: process.env.STRIPE_BUSINESS_PRICE_ID,"""""""
"STRIPE_KEY","server","no","_audit/env/env_usage.tsv;_audit/env/raw_matches.txt;docs/architecture/3000structure.txt;docs/architecture/website_Structure;docs/archive/3000structure.txt;docs/archive/website_Structure","STRIPE_KEY"
"STRIPE_PRO_PRICE_ID","server","yes","_audit/env/env_required.csv;_audit/env/env_usage.tsv;_audit/env/raw_matches.txt;src/lib/subscription-tiers.ts","""STRIPE_PRO_PRICE_ID"",""server"",""yes"",""_audit/env/env_required.csv;_audit/env/env_usage.tsv;_audit/env/raw_matches.txt;src/lib/subscription-tiers.ts"",""""""STRIPE_PRO_PRICE_ID"""",""""server"""",""""yes"""",""""src/lib/subscription-tiers.ts"""",""""    stripe_price_id: process.env.STRIPE_PRO_PRICE_ID,"""""""
"STRIPE_PUBLIC","server","yes","_audit/env/env_required.csv;_audit/env/env_usage.tsv;_audit/env/raw_matches.txt;src/lib/env.ts","""STRIPE_PUBLIC"",""server"",""yes"",""_audit/env/env_required.csv;_audit/env/env_usage.tsv;_audit/env/raw_matches.txt;src/lib/env.ts"",""""""STRIPE_PUBLIC"""",""""server"""",""""yes"""",""""src/lib/env.ts"""",""""    process.env.STRIPE_PUBLISHABLE_KEY || process.env.STRIPE_PUBLIC || """""""""""""""","""""""
"STRIPE_SECRET_KEY","server","yes","_audit/env/env_required.csv;_audit/env/env_usage.tsv;_audit/env/raw_matches.txt;scripts/validate-env.js;src/app/api/status/route.ts;src/lib/apiClients.ts;src/lib/services/stripe.ts;src/lib/stripe.ts","""STRIPE_SECRET_KEY"",""server"",""yes"",""_audit/env/env_required.csv;_audit/env/env_usage.tsv;_audit/env/raw_matches.txt;scripts/validate-env.js;src/app/api/status/route.ts;src/lib/apiClients.ts;src/lib/services/stripe.ts;src/lib/stripe.ts"",""""""STRIPE_SECRET_KEY"""",""""server"""",""""yes"""",""""scripts/validate-env.js;src/app/api/status/route.ts;src/lib/apiClients.ts;src/lib/services/stripe.ts;src/lib/stripe.ts"""",""""      const key = process.env.STRIPE_SECRET_KEY;"""""""
"STRIPE_WEBHOOK_SECRET","server","yes","_audit/env/env_required.csv;_audit/env/env_usage.tsv;_audit/env/raw_matches.txt;src/app/api/stripe/webhook/route.ts","""STRIPE_WEBHOOK_SECRET"",""server"",""yes"",""_audit/env/env_required.csv;_audit/env/env_usage.tsv;_audit/env/raw_matches.txt;src/app/api/stripe/webhook/route.ts"",""""""STRIPE_WEBHOOK_SECRET"""",""""server"""",""""yes"""",""""src/app/api/stripe/webhook/route.ts"""",""""    if (!process.env.STRIPE_WEBHOOK_SECRET) {"""""""
"TWILIO_ACCOUNT_SID","server","yes","_audit/env/env_required.csv;_audit/env/env_usage.tsv;_audit/env/raw_matches.txt;src/lib/apiClients.ts;src/lib/services/twilio.ts","""TWILIO_ACCOUNT_SID"",""server"",""yes"",""_audit/env/env_required.csv;_audit/env/env_usage.tsv;_audit/env/raw_matches.txt;src/lib/apiClients.ts;src/lib/services/twilio.ts"",""""""TWILIO_ACCOUNT_SID"""",""""server"""",""""yes"""",""""src/lib/apiClients.ts;src/lib/services/twilio.ts"""",""""  const accountSid = process.env.TWILIO_ACCOUNT_SID;"""""""
"TWILIO_AUTH_TOKEN","server","yes","_audit/env/env_required.csv;_audit/env/env_usage.tsv;_audit/env/raw_matches.txt;src/lib/apiClients.ts;src/lib/services/twilio.ts","""TWILIO_AUTH_TOKEN"",""server"",""yes"",""_audit/env/env_required.csv;_audit/env/env_usage.tsv;_audit/env/raw_matches.txt;src/lib/apiClients.ts;src/lib/services/twilio.ts"",""""""TWILIO_AUTH_TOKEN"""",""""server"""",""""yes"""",""""src/lib/apiClients.ts;src/lib/services/twilio.ts"""",""""  const authToken = process.env.TWILIO_AUTH_TOKEN;"""""""
"TWILIO_PHONE","server","yes","_audit/env/env_required.csv;_audit/env/env_usage.tsv;_audit/env/raw_matches.txt;src/lib/apiClients.ts;src/lib/services/twilio.ts","""TWILIO_PHONE"",""server"",""yes"",""_audit/env/env_required.csv;_audit/env/env_usage.tsv;_audit/env/raw_matches.txt;src/lib/apiClients.ts;src/lib/services/twilio.ts"",""""""TWILIO_PHONE"""",""""server"""",""""yes"""",""""src/lib/apiClients.ts;src/lib/services/twilio.ts"""",""""    phoneNumber: process.env.TWILIO_PHONE,"""""""
"VALIDATE_ENV_MODE","server","yes","_audit/env/env_required.csv;_audit/env/env_usage.tsv;_audit/env/raw_matches.txt;scripts/validate-env.js","""VALIDATE_ENV_MODE"",""server"",""yes"",""_audit/env/env_required.csv;_audit/env/env_usage.tsv;_audit/env/raw_matches.txt;scripts/validate-env.js"",""""""VALIDATE_ENV_MODE"""",""""server"""",""""yes"""",""""scripts/validate-env.js"""",""""const mode = process.argv[2] || process.env.VALIDATE_ENV_MODE || 'dev';"""""""
"VERCEL_ACCESS_TOKEN","server","yes","app/api/analytics/deployments/route.ts;_audit/env/env_required.csv;_audit/env/env_usage.tsv;_audit/env/raw_matches.txt","""VERCEL_ACCESS_TOKEN"",""server"",""yes"",""app/api/analytics/deployments/route.ts;_audit/env/env_required.csv;_audit/env/env_usage.tsv;_audit/env/raw_matches.txt"",""""""VERCEL_ACCESS_TOKEN"""",""""server"""",""""yes"""",""""app/api/analytics/deployments/route.ts"""",""""    const vercelToken = process.env.VERCEL_ACCESS_TOKEN;"""""""
"VERCEL_DEPLOY_HOOK","server","no","_audit/env/env_required.csv;_audit/env/env_usage.tsv;_audit/env/raw_matches.txt;_disabled/api/matrix/health/route.ts;docs/architecture/3000structure.txt;docs/architecture/website_Structure;docs/archive/3000structure.txt;docs/archive/website_Structure","""VERCEL_DEPLOY_HOOK"",""server"",""no"",""_audit/env/env_required.csv;_audit/env/env_usage.tsv;_audit/env/raw_matches.txt;_disabled/api/matrix/health/route.ts;docs/architecture/3000structure.txt;docs/architecture/website_Structure;docs/archive/3000structure.txt;docs/archive/website_Structure"",""""""VERCEL_DEPLOY_HOOK"""",""""server"""",""""no"""",""""_disabled/api/matrix/health/route.ts;docs/architecture/3000structure.txt;docs/architecture/website_Structure;docs/archive/3000structure.txt;docs/archive/website_Structure"""",""""    health.vercel_deploy = process.env.VERCEL_DEPLOY_HOOK ? """"""""ok"""""""" : """"""""missing"""""""";"""""""
"VERCEL_ENV","server","yes","_audit/env/env_required.csv;_audit/env/env_usage.tsv;_audit/env/raw_matches.txt;src/app/api/status/route.ts","""VERCEL_ENV"",""server"",""yes"",""_audit/env/env_required.csv;_audit/env/env_usage.tsv;_audit/env/raw_matches.txt;src/app/api/status/route.ts"",""""""VERCEL_ENV"""",""""server"""",""""yes"""",""""src/app/api/status/route.ts"""",""""    vercelEnv: process.env.VERCEL_ENV || 'local',"""""""
"VERCEL_GIT_COMMIT_AUTHOR_NAME","server","yes","_audit/env/env_required.csv;_audit/env/env_usage.tsv;_audit/env/raw_matches.txt;src/app/api/status/route.ts","""VERCEL_GIT_COMMIT_AUTHOR_NAME"",""server"",""yes"",""_audit/env/env_required.csv;_audit/env/env_usage.tsv;_audit/env/raw_matches.txt;src/app/api/status/route.ts"",""""""VERCEL_GIT_COMMIT_AUTHOR_NAME"""",""""server"""",""""yes"""",""""src/app/api/status/route.ts"""",""""      author: process.env.VERCEL_GIT_COMMIT_AUTHOR_NAME || 'unknown',"""""""
"VERCEL_GIT_COMMIT_REF","server","yes","_audit/env/env_required.csv;_audit/env/env_usage.tsv;_audit/env/raw_matches.txt;src/app/api/status/route.ts","""VERCEL_GIT_COMMIT_REF"",""server"",""yes"",""_audit/env/env_required.csv;_audit/env/env_usage.tsv;_audit/env/raw_matches.txt;src/app/api/status/route.ts"",""""""VERCEL_GIT_COMMIT_REF"""",""""server"""",""""yes"""",""""src/app/api/status/route.ts"""",""""      branch: process.env.VERCEL_GIT_COMMIT_REF || 'main',"""""""
"VERCEL_GIT_COMMIT_SHA","server","yes","_audit/env/env_required.csv;_audit/env/env_usage.tsv;_audit/env/raw_matches.txt;src/app/api/status/route.ts","""VERCEL_GIT_COMMIT_SHA"",""server"",""yes"",""_audit/env/env_required.csv;_audit/env/env_usage.tsv;_audit/env/raw_matches.txt;src/app/api/status/route.ts"",""""""VERCEL_GIT_COMMIT_SHA"""",""""server"""",""""yes"""",""""src/app/api/status/route.ts"""",""""    buildId = process.env.VERCEL_GIT_COMMIT_SHA?.substring(0, 7) || 'dev';"""""""
"VERCEL_PROJECT_ID","server","yes","app/api/analytics/deployments/route.ts;_audit/env/env_required.csv;_audit/env/env_usage.tsv;_audit/env/raw_matches.txt;src/lib/services/vercel.ts","""VERCEL_PROJECT_ID"",""server"",""yes"",""app/api/analytics/deployments/route.ts;_audit/env/env_required.csv;_audit/env/env_usage.tsv;_audit/env/raw_matches.txt;src/lib/services/vercel.ts"",""""""VERCEL_PROJECT_ID"""",""""server"""",""""yes"""",""""app/api/analytics/deployments/route.ts;src/lib/services/vercel.ts"""",""""    const vercelProjectId = process.env.VERCEL_PROJECT_ID || """"""""3000studios-next"""""""";"""""""
"VERCEL_TOKEN","server","yes","_audit/env/env_required.csv;_audit/env/env_usage.tsv;_audit/env/raw_matches.txt;src/lib/services/vercel.ts","""VERCEL_TOKEN"",""server"",""yes"",""_audit/env/env_required.csv;_audit/env/env_usage.tsv;_audit/env/raw_matches.txt;src/lib/services/vercel.ts"",""""""VERCEL_TOKEN"""",""""server"""",""""yes"""",""""src/lib/services/vercel.ts"""",""""const VERCEL_TOKEN = process.env.VERCEL_TOKEN;"""""""
"VOICE_CONTINUOUS","server","yes","_audit/env/env_required.csv;_audit/env/env_usage.tsv;_audit/env/raw_matches.txt;src/lib/voice.ts","""VOICE_CONTINUOUS"",""server"",""yes"",""_audit/env/env_required.csv;_audit/env/env_usage.tsv;_audit/env/raw_matches.txt;src/lib/voice.ts"",""""""VOICE_CONTINUOUS"""",""""server"""",""""yes"""",""""src/lib/voice.ts"""",""""      continuous: config.continuous ?? process.env.VOICE_CONTINUOUS === """"""""true"""""""","""""""
"VOICE_LANGUAGE","server","yes","_audit/env/env_required.csv;_audit/env/env_usage.tsv;_audit/env/raw_matches.txt;src/lib/voice.ts","""VOICE_LANGUAGE"",""server"",""yes"",""_audit/env/env_required.csv;_audit/env/env_usage.tsv;_audit/env/raw_matches.txt;src/lib/voice.ts"",""""""VOICE_LANGUAGE"""",""""server"""",""""yes"""",""""src/lib/voice.ts"""",""""      language: config.language || process.env.VOICE_LANGUAGE || """"""""en-US"""""""","""""""
"WEBRTC_KEY","server","yes","_audit/env/env_required.csv;_audit/env/env_usage.tsv;_audit/env/raw_matches.txt;src/lib/apiClients.ts","""WEBRTC_KEY"",""server"",""yes"",""_audit/env/env_required.csv;_audit/env/env_usage.tsv;_audit/env/raw_matches.txt;src/lib/apiClients.ts"",""""""WEBRTC_KEY"""",""""server"""",""""yes"""",""""src/lib/apiClients.ts"""",""""    apiKey: process.env.WEBRTC_KEY,"""""""
"WEBRTC_TURN_PASS","server","yes","_audit/env/env_required.csv;_audit/env/env_usage.tsv;_audit/env/raw_matches.txt;src/lib/apiClients.ts;src/lib/services/webrtc.ts","""WEBRTC_TURN_PASS"",""server"",""yes"",""_audit/env/env_required.csv;_audit/env/env_usage.tsv;_audit/env/raw_matches.txt;src/lib/apiClients.ts;src/lib/services/webrtc.ts"",""""""WEBRTC_TURN_PASS"""",""""server"""",""""yes"""",""""src/lib/apiClients.ts;src/lib/services/webrtc.ts"""",""""              credential: process.env.WEBRTC_TURN_PASS,"""""""
"WEBRTC_TURN_URL","server","yes","_audit/env/env_required.csv;_audit/env/env_usage.tsv;_audit/env/raw_matches.txt;src/lib/apiClients.ts;src/lib/services/webrtc.ts","""WEBRTC_TURN_URL"",""server"",""yes"",""_audit/env/env_required.csv;_audit/env/env_usage.tsv;_audit/env/raw_matches.txt;src/lib/apiClients.ts;src/lib/services/webrtc.ts"",""""""WEBRTC_TURN_URL"""",""""server"""",""""yes"""",""""src/lib/apiClients.ts;src/lib/services/webrtc.ts"""",""""      ...(process.env.WEBRTC_TURN_URL"""""""
"WEBRTC_TURN_USER","server","yes","_audit/env/env_required.csv;_audit/env/env_usage.tsv;_audit/env/raw_matches.txt;src/lib/apiClients.ts;src/lib/services/webrtc.ts","""WEBRTC_TURN_USER"",""server"",""yes"",""_audit/env/env_required.csv;_audit/env/env_usage.tsv;_audit/env/raw_matches.txt;src/lib/apiClients.ts;src/lib/services/webrtc.ts"",""""""WEBRTC_TURN_USER"""",""""server"""",""""yes"""",""""src/lib/apiClients.ts;src/lib/services/webrtc.ts"""",""""              username: process.env.WEBRTC_TURN_USER,"""""""
"WORDPRESS_API_URL","server","yes","_audit/env/env_required.csv;_audit/env/env_usage.tsv;_audit/env/raw_matches.txt;shadow-engine/helpers/wp.ts","""WORDPRESS_API_URL"",""server"",""yes"",""_audit/env/env_required.csv;_audit/env/env_usage.tsv;_audit/env/raw_matches.txt;shadow-engine/helpers/wp.ts"",""""""WORDPRESS_API_URL"""",""""server"""",""""yes"""",""""shadow-engine/helpers/wp.ts"""",""""  process.env.WORDPRESS_API_URL || """"""""https://3000studios.com/wp-json/wp/v2"""""""";"""""""
"WORDPRESS_PASSWORD","server","yes","_audit/env/env_required.csv;_audit/env/env_usage.tsv;_audit/env/raw_matches.txt;shadow-engine/helpers/wp.ts","""WORDPRESS_PASSWORD"",""server"",""yes"",""_audit/env/env_required.csv;_audit/env/env_usage.tsv;_audit/env/raw_matches.txt;shadow-engine/helpers/wp.ts"",""""""WORDPRESS_PASSWORD"""",""""server"""",""""yes"""",""""shadow-engine/helpers/wp.ts"""",""""const WP_PASSWORD = process.env.WORDPRESS_PASSWORD || """""""""""""""";"""""""
"WORDPRESS_USERNAME","server","yes","_audit/env/env_required.csv;_audit/env/env_usage.tsv;_audit/env/raw_matches.txt;shadow-engine/helpers/wp.ts","""WORDPRESS_USERNAME"",""server"",""yes"",""_audit/env/env_required.csv;_audit/env/env_usage.tsv;_audit/env/raw_matches.txt;shadow-engine/helpers/wp.ts"",""""""WORDPRESS_USERNAME"""",""""server"""",""""yes"""",""""shadow-engine/helpers/wp.ts"""",""""const WP_USERNAME = process.env.WORDPRESS_USERNAME || """""""""""""""";"""""""
"WP_PASS","server","yes","_audit/env/env_required.csv;_audit/env/env_usage.tsv;_audit/env/raw_matches.txt;src/lib/apiClients.ts;src/lib/services/wordpress.ts","""WP_PASS"",""server"",""yes"",""_audit/env/env_required.csv;_audit/env/env_usage.tsv;_audit/env/raw_matches.txt;src/lib/apiClients.ts;src/lib/services/wordpress.ts"",""""""WP_PASS"""",""""server"""",""""yes"""",""""src/lib/apiClients.ts;src/lib/services/wordpress.ts"""",""""  const pass = process.env.WP_PASS;"""""""
"WP_PASSWORD","server","yes","_audit/env/env_required.csv;_audit/env/env_usage.tsv;_audit/env/raw_matches.txt;lib/auth/wp.ts","""WP_PASSWORD"",""server"",""yes"",""_audit/env/env_required.csv;_audit/env/env_usage.tsv;_audit/env/raw_matches.txt;lib/auth/wp.ts"",""""""WP_PASSWORD"""",""""server"""",""""yes"""",""""lib/auth/wp.ts"""",""""const PASSWORD = process.env.WP_PASSWORD || """""""""""""""";"""""""
"WP_URL","server","yes","_audit/env/env_required.csv;_audit/env/env_usage.tsv;_audit/env/raw_matches.txt;src/lib/apiClients.ts;src/lib/services/wordpress.ts","""WP_URL"",""server"",""yes"",""_audit/env/env_required.csv;_audit/env/env_usage.tsv;_audit/env/raw_matches.txt;src/lib/apiClients.ts;src/lib/services/wordpress.ts"",""""""WP_URL"""",""""server"""",""""yes"""",""""src/lib/apiClients.ts;src/lib/services/wordpress.ts"""",""""  const url = process.env.WP_URL;"""""""
"WP_USER","server","yes","_audit/env/env_required.csv;_audit/env/env_usage.tsv;_audit/env/raw_matches.txt;src/lib/apiClients.ts;src/lib/services/wordpress.ts","""WP_USER"",""server"",""yes"",""_audit/env/env_required.csv;_audit/env/env_usage.tsv;_audit/env/raw_matches.txt;src/lib/apiClients.ts;src/lib/services/wordpress.ts"",""""""WP_USER"""",""""server"""",""""yes"""",""""src/lib/apiClients.ts;src/lib/services/wordpress.ts"""",""""  const user = process.env.WP_USER;"""""""
"WP_USERNAME","server","yes","_audit/env/env_required.csv;_audit/env/env_usage.tsv;_audit/env/raw_matches.txt;lib/auth/wp.ts","""WP_USERNAME"",""server"",""yes"",""_audit/env/env_required.csv;_audit/env/env_usage.tsv;_audit/env/raw_matches.txt;lib/auth/wp.ts"",""""""WP_USERNAME"""",""""server"""",""""yes"""",""""lib/auth/wp.ts"""",""""const USERNAME = process.env.WP_USERNAME || """"""""mr.jwswain@gmail.com"""""""";"""""""
